Radial distance (atomic units), Theoretical Hartree potential, Calculated Hartree potential
1.000000000000000021e-02,9.999339960177167086e-01,1.000066569721832277e+00
2.000000000000000042e-02,9.997386032315205284e-01,9.998705299871710750e-01
2.999999999999999889e-02,9.994176802741279175e-01,9.995489728918434125e-01
4.000000000000000083e-02,9.989749939474705798e-01,9.991056649841040249e-01
5.000000000000000278e-02,9.984142212448503528e-01,9.985442830086166399e-01
5.999999999999999778e-02,9.977389513302181712e-01,9.978684158856131470e-01
7.000000000000000666e-02,9.969526874753960044e-01,9.970815666480219441e-01
8.000000000000000167e-02,9.960588489561459369e-01,9.961871543374390958e-01
8.999999999999999667e-02,9.950607729079283814e-01,9.951885158597976178e-01
1.000000000000000056e-01,9.939617161422003022e-01,9.940889078015764380e-01
1.100000000000000006e-01,9.927648569240812293e-01,9.928915082073671572e-01
1.199999999999999956e-01,9.914732967121677731e-01,9.915994183196065181e-01
1.300000000000000044e-01,9.900900618613084347e-01,9.902156642812613985e-01
1.400000000000000133e-01,9.886181052890927745e-01,9.887431988022383766e-01
1.499999999999999944e-01,9.870603081068294316e-01,9.871849027902750429e-01
1.600000000000000033e-01,9.854194812157404115e-01,9.855435869470515753e-01
1.700000000000000122e-01,9.836983668690981730e-01,9.838219933302497777e-01
1.799999999999999933e-01,9.818996402010187197e-01,9.820227968822715647e-01
1.900000000000000022e-01,9.800259107226132471e-01,9.801486069263062317e-01
2.000000000000000111e-01,9.780797237861644788e-01,9.782019686304368467e-01
2.099999999999999922e-01,9.760635620180062588e-01,9.761853644404461239e-01
2.200000000000000011e-01,9.739798467207614330e-01,9.741012154819796987e-01
2.300000000000000100e-01,9.718309392455699580e-01,9.719518829327045140e-01
2.399999999999999911e-01,9.696191423349391769e-01,9.697396693650914834e-01
2.500000000000000000e-01,9.673467014368331007e-01,9.674668200604338297e-01
2.600000000000000089e-01,9.650158059905962205e-01,9.651355242947063928e-01
2.700000000000000178e-01,9.626285906853078167e-01,9.627479165968518826e-01
2.800000000000000266e-01,9.601871366911320926e-01,9.603060779800711710e-01
2.899999999999999800e-01,9.576934728642458872e-01,9.578120371466856131e-01
2.999999999999999889e-01,9.551495769258853130e-01,9.552677716671202912e-01
3.099999999999999978e-01,9.525573766160531086e-01,9.526752091335551897e-01
3.200000000000000067e-01,9.499187508224249399e-01,9.500362282887701015e-01
3.300000000000000155e-01,9.472355306849697953e-01,9.473526601307066253e-01
3.400000000000000244e-01,9.445095006767940671e-01,9.446262889932560691e-01
3.500000000000000333e-01,9.417423996617060311e-01,9.418588536037693082e-01
3.599999999999999867e-01,9.389359219289958869e-01,9.390520481177797585e-01
3.699999999999999956e-01,9.360917182058996477e-01,9.362075231314159751e-01
3.800000000000000044e-01,9.332113966482245004e-01,9.333268866719736101e-01
3.900000000000000133e-01,9.302965238095879386e-01,9.304117051671042526e-01
4.000000000000000222e-01,9.273486255897245290e-01,9.274635043930692380e-01
4.100000000000000311e-01,9.243691881622952966e-01,9.244837704025024028e-01
4.199999999999999845e-01,9.213596588826351574e-01,9.214739504321080021e-01
4.299999999999999933e-01,9.183214471758587294e-01,9.184354537907175597e-01
4.400000000000000022e-01,9.152559254057337501e-01,9.153696527281207640e-01
4.500000000000000111e-01,9.121644297247362143e-01,9.122778832850707564e-01
4.600000000000000200e-01,9.090482609056724783e-01,9.091614461248633816e-01
4.700000000000000289e-01,9.059086851552637931e-01,9.060216073468784215e-01
4.799999999999999822e-01,9.027469349100711860e-01,9.028595992824610672e-01
4.899999999999999911e-01,8.995642096151319489e-01,8.996766212735152202e-01
5.000000000000000000e-01,8.963616764856729979e-01,8.964738404341774380e-01
5.100000000000000089e-01,8.931404712522581502e-01,8.932523923959230228e-01
5.200000000000000178e-01,8.899016988897194835e-01,8.900133820364564130e-01
5.300000000000000266e-01,8.866464343302116191e-01,8.867578841927291622e-01
5.400000000000000355e-01,8.833757231607290983e-01,8.834869443584177917e-01
5.500000000000000444e-01,8.800905823054120392e-01,8.802015793661918108e-01
5.600000000000000533e-01,8.767920006929613708e-01,8.769027780550925355e-01
5.700000000000000622e-01,8.734809399094787263e-01,8.735915019233380097e-01
5.799999999999999600e-01,8.701583348370406368e-01,8.702686857668611164e-01
5.899999999999999689e-01,8.668250942783074509e-01,8.669352383038837484e-01
5.999999999999999778e-01,8.634821015674609690e-01,8.635920427858223558e-01
6.099999999999999867e-01,8.601302151677657770e-01,8.602399575948141974e-01
6.199999999999999956e-01,8.567702692560290600e-01,8.568798168281456240e-01
6.300000000000000044e-01,8.534030742942448899e-01,8.535124308698650575e-01
6.400000000000000133e-01,8.500294175886899950e-01,8.501385869498462311e-01
6.500000000000000222e-01,8.466500638367371323e-01,8.467590496905730291e-01
6.600000000000000311e-01,8.432657556616491856e-01,8.433745616419003888e-01
6.700000000000000400e-01,8.398772141356052323e-01,8.399858438040550546e-01
6.800000000000000488e-01,8.364851392912147077e-01,8.365935961391178788e-01
6.900000000000000577e-01,8.330902106217557002e-01,8.331984980712346944e-01
7.000000000000000666e-01,8.296930875703841801e-01,8.298012089757990095e-01
7.099999999999999645e-01,8.262944100085461985e-01,8.264023686578353400e-01
7.199999999999999734e-01,8.228947987038202072e-01,8.230025978198167724e-01
7.299999999999999822e-01,8.194948557774207609e-01,8.196024985191406875e-01
7.399999999999999911e-01,8.160951651515754302e-01,8.162026546154811379e-01
7.500000000000000000e-01,8.126962929869970820e-01,8.128036322082371479e-01
7.600000000000000089e-01,8.092987881106606940e-01,8.094059800642831037e-01
7.700000000000000178e-01,8.059031824340896488e-01,8.060102300362322891e-01
7.800000000000000266e-01,8.025099913623573444e-01,8.026168974714142923e-01
7.900000000000000355e-01,7.991197141939982984e-01,7.992264816117629067e-01
8.000000000000000444e-01,7.957328345120253665e-01,7.958394659848120334e-01
8.100000000000000533e-01,7.923498205662437011e-01,7.924563187859855473e-01
8.200000000000000622e-01,7.889711256470448575e-01,7.890774932523705321e-01
8.300000000000000711e-01,7.855971884508643477e-01,7.857034280281541827e-01
8.399999999999999689e-01,7.822284334374829395e-01,7.823345475219030121e-01
8.499999999999999778e-01,7.788652711793422334e-01,7.789712622558585542e-01
8.599999999999999867e-01,7.755080987030495976e-01,7.756139692074223158e-01
8.699999999999999956e-01,7.721572998232365537e-01,7.722630521429942885e-01
8.800000000000000044e-01,7.688132454689375894e-01,7.689188819443317779e-01
8.900000000000000133e-01,7.654762940026456075e-01,7.655818169275881990e-01
9.000000000000000222e-01,7.621467915322062137e-01,7.622522031551858257e-01
9.100000000000000311e-01,7.588250722157008354e-01,7.589303747406827005e-01
9.200000000000000400e-01,7.555114585594697729e-01,7.556166541467775888e-01
9.300000000000000488e-01,7.522062617094249504e-01,7.523113524766045224e-01
9.400000000000000577e-01,7.489097817357928122e-01,7.490147697584598196e-01
9.500000000000000666e-01,7.456223079114333574e-01,7.457271952241029123e-01
9.599999999999999645e-01,7.423441189838684284e-01,7.424489075807695349e-01
9.699999999999999734e-01,7.390754834411601415e-01,7.391801752770325029e-01
9.799999999999999822e-01,7.358166597717662460e-01,7.359212567626434165e-01
9.899999999999999911e-01,7.325678967185084156e-01,7.326724007424832985e-01
1.000000000000000000e+00,7.293294335267745954e-01,7.294338464247511755e-01
1.010000000000000009e+00,7.261015001870845254e-01,7.262058237635141689e-01
1.020000000000000018e+00,7.228843176721369002e-01,7.229885536957402214e-01
1.030000000000000027e+00,7.196780981684600675e-01,7.197822483729343634e-01
1.040000000000000036e+00,7.164830453027806190e-01,7.165871113874934251e-01
1.050000000000000044e+00,7.132993543632257794e-01,7.134033379938945485e-01
1.060000000000000053e+00,7.101272125154708403e-01,7.102311153248291875e-01
1.070000000000000062e+00,7.069667990139412161e-01,7.070706226023922847e-01
1.080000000000000071e+00,7.038182854081758144e-01,7.039220313444327637e-01
1.090000000000000080e+00,7.006818357444585255e-01,7.007855055661711408e-01
1.100000000000000089e+00,6.975576067628170840e-01,6.976612019771876172e-01
1.110000000000000098e+00,6.944457480894942192e-01,6.945492701738800179e-01
1.120000000000000107e+00,6.913464024249856843e-01,6.914498528274901634e-01
1.130000000000000115e+00,6.882597057277437536e-01,6.883630858677958209e-01
1.140000000000000124e+00,6.851857873936402221e-01,6.852890986625616021e-01
1.150000000000000133e+00,6.821247704312799476e-01,6.822280141928425135e-01
1.159999999999999920e+00,6.790767716332578585e-01,6.791799492242287517e-01
1.169999999999999929e+00,6.760419017434445843e-01,6.761450144741205648e-01
1.179999999999999938e+00,6.730202656203906342e-01,6.731233147751227719e-01
1.189999999999999947e+00,6.700119623969312821e-01,6.701149492346387682e-01
1.199999999999999956e+00,6.670170856360770895e-01,6.671200113907501672e-01
1.209999999999999964e+00,6.640357234832696687e-01,6.641385893644639049e-01
1.219999999999999973e+00,6.610679588150831787e-01,6.611707660084034099e-01
1.229999999999999982e+00,6.581138693844501564e-01,6.582166190520241100e-01
1.239999999999999991e+00,6.551735279624847363e-01,6.552762212434284361e-01
1.250000000000000000e+00,6.522470024769821961e-01,6.523496404878552646e-01
1.260000000000000009e+00,6.493343561476639936e-01,6.494369399829167389e-01
1.270000000000000018e+00,6.464356476182423483e-01,6.465381783506529700e-01
1.280000000000000027e+00,6.435509310853723131e-01,6.436534097664764476e-01
1.290000000000000036e+00,6.406802564245610565e-01,6.407826840850724404e-01
1.300000000000000044e+00,6.378236693131015267e-01,6.379260469633241115e-01
1.310000000000000053e+00,6.349812113500944433e-01,6.350835399803265169e-01
1.320000000000000062e+00,6.321529201736244552e-01,6.322552007545549912e-01
1.330000000000000071e+00,6.293388295751526362e-01,6.294410630582494282e-01
1.340000000000000080e+00,6.265389696111862694e-01,6.266411569290766259e-01
1.350000000000000089e+00,6.237533667122874270e-01,6.238555087791312070e-01
1.360000000000000098e+00,6.209820437894771894e-01,6.210841415013323985e-01
1.370000000000000107e+00,6.182250203380954545e-01,6.183270745732765139e-01
1.380000000000000115e+00,6.154823125391702954e-01,6.155843241586002046e-01
1.390000000000000124e+00,6.127539333583551517e-01,6.128559032059087697e-01
1.400000000000000133e+00,6.100398926424834833e-01,6.101418215453258131e-01
1.409999999999999920e+00,6.073401972137987270e-01,6.074420859827157626e-01
1.419999999999999929e+00,6.046548509619070755e-01,6.047567003916296535e-01
1.429999999999999938e+00,6.019838549335065903e-01,6.020856658030286912e-01
1.439999999999999947e+00,5.993272074199400556e-01,5.994289804928307763e-01
1.449999999999999956e+00,5.966849040426223105e-01,5.967866400673303984e-01
1.459999999999999964e+00,5.940569378363863562e-01,5.941586375465405245e-01
1.469999999999999973e+00,5.914432993307989772e-01,5.915449634455005601e-01
1.479999999999999982e+00,5.888439766294863986e-01,5.889456058535975647e-01
1.489999999999999991e+00,5.862589554875186071e-01,5.863605505119441341e-01
1.500000000000000000e+00,5.836882193868934143e-01,5.837897808888570239e-01
1.510000000000000009e+00,5.811317496101638946e-01,5.812332782534792575e-01
1.520000000000000018e+00,5.785895253122501636e-01,5.786910217475862428e-01
1.530000000000000027e+00,5.760615235904765763e-01,5.761629884556183079e-01
1.540000000000000036e+00,5.735477195528750904e-01,5.736491534729780684e-01
1.550000000000000044e+00,5.710480863847919863e-01,5.711494899726327068e-01
1.560000000000000053e+00,5.685625954138373572e-01,5.686639692700585780e-01
1.570000000000000062e+00,5.660912161732150061e-01,5.661925608865656656e-01
1.580000000000000071e+00,5.636339164634687204e-01,5.637352326110394163e-01
1.590000000000000080e+00,5.611906624126801191e-01,5.612919505601343673e-01
1.600000000000000089e+00,5.587614185351549301e-01,5.588626792369549845e-01
1.610000000000000098e+00,5.563461477886293416e-01,5.564473815882585717e-01
1.620000000000000107e+00,5.539448116300331737e-01,5.540460190602126689e-01
1.630000000000000115e+00,5.515573700698392923e-01,5.516585516527416910e-01
1.640000000000000124e+00,5.491837817250334597e-01,5.492849379724912273e-01
1.650000000000000133e+00,5.468240038707357087e-01,5.469251352844465286e-01
1.660000000000000142e+00,5.444779924905038815e-01,5.445790995622309394e-01
1.669999999999999929e+00,5.421457023253483110e-01,5.422467855371168044e-01
1.679999999999999938e+00,5.398270869214885082e-01,5.399281467457791583e-01
1.689999999999999947e+00,5.375220986768803888e-01,5.376231355768176234e-01
1.699999999999999956e+00,5.352306888865409062e-01,5.353317033160790439e-01
1.709999999999999964e+00,5.329528077866995117e-01,5.330538001908032841e-01
1.719999999999999973e+00,5.306884045978016440e-01,5.307893754126250530e-01
1.729999999999999982e+00,5.284374275663908938e-01,5.285383772194514052e-01
1.739999999999999991e+00,5.261998240058977094e-01,5.263007529162470055e-01
1.750000000000000000e+00,5.239755403363566266e-01,5.240764489147485827e-01
1.760000000000000009e+00,5.217645221230784447e-01,5.218654107721331092e-01
1.770000000000000018e+00,5.195667141143017753e-01,5.196675832286671293e-01
1.780000000000000027e+00,5.173820602778467226e-01,5.174829102443554429e-01
1.790000000000000036e+00,5.152105038367936762e-01,5.153113350346192334e-01
1.800000000000000044e+00,5.130519873042116430e-01,5.131528001050184029e-01
1.810000000000000053e+00,5.109064525169539905e-01,5.110072472850474279e-01
1.820000000000000062e+00,5.087738406685493597e-01,5.088746177610206090e-01
1.830000000000000071e+00,5.066540923412028441e-01,5.067548521080723622e-01
1.840000000000000080e+00,5.045471475369318615e-01,5.046478903212888723e-01
1.850000000000000089e+00,5.024529457078554806e-01,5.025536718459956420e-01
1.860000000000000098e+00,5.003714257856577419e-01,5.004721356072173721e-01
1.870000000000000107e+00,4.983025262102430686e-01,4.984032200383312072e-01
1.880000000000000115e+00,4.962461849576045858e-01,4.963468631089321681e-01
1.890000000000000124e+00,4.942023395669212782e-01,4.943030023519277005e-01
1.900000000000000133e+00,4.921709271669051367e-01,4.922715748898827126e-01
1.910000000000000142e+00,4.901518845014129488e-01,4.902525174606283120e-01
1.919999999999999929e+00,4.881451479543424399e-01,4.882457664421562815e-01
1.929999999999999938e+00,4.861506535738283619e-01,4.862512578768118376e-01
1.939999999999999947e+00,4.841683370957552413e-01,4.842689274948051015e-01
1.949999999999999956e+00,4.821981339666036592e-01,4.822987107370543813e-01
1.959999999999999964e+00,4.802399793656448868e-01,4.803405427773788094e-01
1.969999999999999973e+00,4.782938082265001389e-01,4.783943585440553758e-01
1.979999999999999982e+00,4.763595552580794923e-01,4.764600927407557918e-01
1.989999999999999991e+00,4.744371549649140096e-01,4.745376798668768381e-01
2.000000000000000000e+00,4.725265416668987251e-01,4.726270542372802419e-01
2.010000000000000231e+00,4.706276495184558706e-01,4.707281500014551812e-01
2.020000000000000018e+00,4.687404125271372735e-01,4.688409011621180178e-01
2.030000000000000249e+00,4.668647645716752503e-01,4.669652415932609157e-01
2.040000000000000036e+00,4.650006394194979853e-01,4.651011050576664974e-01
2.049999999999999822e+00,4.631479707437211046e-01,4.632484252238960876e-01
2.060000000000000053e+00,4.613066921396278830e-01,4.614071356827693093e-01
2.069999999999999840e+00,4.594767371406517920e-01,4.595771699633442453e-01
2.080000000000000071e+00,4.576580392338715497e-01,4.577584615484107666e-01
2.089999999999999858e+00,4.558505318750326607e-01,4.559509438895105182e-01
2.100000000000000089e+00,4.540541485031043267e-01,4.541545504214922202e-01
2.109999999999999876e+00,4.522688225543864959e-01,4.523692145766167183e-01
2.120000000000000107e+00,4.504944874761742102e-01,4.505948697982201656e-01
2.129999999999999893e+00,4.487310767399937950e-01,4.488314495539480475e-01
2.140000000000000124e+00,4.469785238544179418e-01,4.470788873485692649e-01
2.149999999999999911e+00,4.452367623774730609e-01,4.453371167363820438e-01
2.160000000000000142e+00,4.435057259286470099e-01,4.436060713332194427e-01
2.169999999999999929e+00,4.417853482005080212e-01,4.418856848280671712e-01
2.180000000000000160e+00,4.400755629699432125e-01,4.401758909943013776e-01
2.189999999999999947e+00,4.383763041090286694e-01,4.384766237005561229e-01
2.200000000000000178e+00,4.366875055955368179e-01,4.367878169212303097e-01
2.209999999999999964e+00,4.350091015230935221e-01,4.351094047466430026e-01
2.220000000000000195e+00,4.333410261109909567e-01,4.334413213928448028e-01
2.229999999999999982e+00,4.316832137136666914e-01,4.317835012110961546e-01
2.240000000000000213e+00,4.300355988298560916e-01,4.301358786970183035e-01
2.250000000000000000e+00,4.283981161114277514e-01,4.284983884994271186e-01
2.260000000000000231e+00,4.267707003719081738e-01,4.268709654288568300e-01
2.270000000000000018e+00,4.251532865947048601e-01,4.252535444657822294e-01
2.280000000000000249e+00,4.235458099410351340e-01,4.236460607685457180e-01
2.290000000000000036e+00,4.219482057575680289e-01,4.220484496809985275e-01
2.300000000000000266e+00,4.203604095837865651e-01,4.204606467398614988e-01
2.310000000000000053e+00,4.187823571590780225e-01,4.188825876818144112e-01
2.319999999999999840e+00,4.172139844295580380e-01,4.173142084503191351e-01
2.330000000000000071e+00,4.156552275546371855e-01,4.157554452021849922e-01
2.339999999999999858e+00,4.141060229133349813e-01,4.142062343138818159e-01
2.350000000000000089e+00,4.125663071103485291e-01,4.126665123876074315e-01
2.359999999999999876e+00,4.110360169818826903e-01,4.111362162571169931e-01
2.370000000000000107e+00,4.095150896012467734e-01,4.096152829933184525e-01
2.379999999999999893e+00,4.080034622842254599e-01,4.081036499096427628e-01
2.390000000000000124e+00,4.065010725942275749e-01,4.066012545671917056e-01
2.399999999999999911e+00,4.050078583472216387e-01,4.051080347796724990e-01
2.410000000000000142e+00,4.035237576164606987e-01,4.036239286181213526e-01
2.419999999999999929e+00,4.020487087370043233e-01,4.021488744154252393e-01
2.430000000000000160e+00,4.005826503100415881e-01,4.006828107706433828e-01
2.439999999999999947e+00,3.991255212070218272e-01,3.992256765531376206e-01
2.450000000000000178e+00,3.976772605735963140e-01,3.977774109065130848e-01
2.459999999999999964e+00,3.962378078333786413e-01,3.963379532523776394e-01
2.470000000000000195e+00,3.948071026915256354e-01,3.949072432939221278e-01
2.479999999999999982e+00,3.933850851381462954e-01,3.934852210193284794e-01
2.490000000000000213e+00,3.919716954515413687e-01,3.920718267050086747e-01
2.500000000000000000e+00,3.905668742012803896e-01,3.906670009186805070e-01
2.510000000000000231e+00,3.891705622511175133e-01,3.892706845222835832e-01
2.520000000000000018e+00,3.877827007617544730e-01,3.878828186747406148e-01
2.530000000000000249e+00,3.864032311934508801e-01,3.865033448345675526e-01
2.540000000000000036e+00,3.850320953084894748e-01,3.851322047623380040e-01
2.550000000000000266e+00,3.836692351734977691e-01,3.837693405230042099e-01
2.560000000000000053e+00,3.823145931616323545e-01,3.824146944880805754e-01
2.569999999999999840e+00,3.809681119546271533e-01,3.810682093376915880e-01
2.580000000000000071e+00,3.796297345447123273e-01,3.797298280624895050e-01
2.589999999999999858e+00,3.782994042364051790e-01,3.783994939654451994e-01
2.600000000000000089e+00,3.769770646481773735e-01,3.770771506635144932e-01
2.609999999999999876e+00,3.756626597140031443e-01,3.757627420891858083e-01
2.620000000000000107e+00,3.743561336847897048e-01,3.744562124919099677e-01
2.629999999999999893e+00,3.730574311296958601e-01,3.731575064394180297e-01
2.640000000000000124e+00,3.717664969373389861e-01,3.718665688189282115e-01
2.649999999999999911e+00,3.704832763168972587e-01,3.705833448382470086e-01
2.660000000000000142e+00,3.692077147991065789e-01,3.693077800267658417e-01
2.669999999999999929e+00,3.679397582371581321e-01,3.680398202363581728e-01
2.680000000000000160e+00,3.666793528074975828e-01,3.667794116421778106e-01
2.689999999999999947e+00,3.654264450105303985e-01,3.655265007433641800e-01
2.700000000000000178e+00,3.641809816712344716e-01,3.642810343636540549e-01
2.709999999999999964e+00,3.629429099396845326e-01,3.630429596519057500e-01
2.720000000000000195e+00,3.617121772914894118e-01,3.618122240825354941e-01
2.729999999999999982e+00,3.604887315281463667e-01,3.605887754558719238e-01
2.740000000000000213e+00,3.592725207773133644e-01,3.593725618984271453e-01
2.750000000000000000e+00,3.580634934930035373e-01,3.581635318630915776e-01
2.760000000000000231e+00,3.568615984557028664e-01,3.569616341292503048e-01
2.770000000000000018e+00,3.556667847724143683e-01,3.557668178028273176e-01
2.780000000000000249e+00,3.544790018766302842e-01,3.545790323162574809e-01
2.790000000000000036e+00,3.532981995282356569e-01,3.533982274283891667e-01
2.800000000000000266e+00,3.521243278133445731e-01,3.522243532243202746e-01
2.810000000000000053e+00,3.509573371440713463e-01,3.510573601151691925e-01
2.819999999999999840e+00,3.497971782582391387e-01,3.498971988377828080e-01
2.830000000000000071e+00,3.486438022190280206e-01,3.487438204543842346e-01
2.839999999999999858e+00,3.474971604145639659e-01,3.475971763521614188e-01
2.850000000000000089e+00,3.463572045574510594e-01,3.464572182427992364e-01
2.859999999999999876e+00,3.452238866842496368e-01,3.453238981619565218e-01
2.870000000000000107e+00,3.440971591548997455e-01,3.441971684686903066e-01
2.879999999999999893e+00,3.429769746520956453e-01,3.430769818448287101e-01
2.890000000000000124e+00,3.418632861806086276e-01,3.419632912942943692e-01
2.899999999999999911e+00,3.407560470665635943e-01,3.408560501423802402e-01
2.910000000000000142e+00,3.396552109566688959e-01,3.397552120349794369e-01
2.919999999999999929e+00,3.385607318174022606e-01,3.386607309377702157e-01
2.930000000000000160e+00,3.374725639341532024e-01,3.375725611353586064e-01
2.939999999999999947e+00,3.363906619103247397e-01,3.364906572303797416e-01
2.950000000000000178e+00,3.353149806663948684e-01,3.354149741425588860e-01
2.959999999999999964e+00,3.342454754389401761e-01,3.343454671077347728e-01
2.970000000000000195e+00,3.331821017796220419e-01,3.332820916768456376e-01
2.979999999999999982e+00,3.321248155541381974e-01,3.322248037148801680e-01
2.990000000000000213e+00,3.310735729411388717e-01,3.311735593997938154e-01
3.000000000000000000e+00,3.300283304311115162e-01,3.301283152213929095e-01
3.010000000000000231e+00,3.289890448252329458e-01,3.290890279801866325e-01
3.020000000000000018e+00,3.279556732341921133e-01,3.280556547862094607e-01
3.030000000000000249e+00,3.269281730769826866e-01,3.270281530578137419e-01
3.040000000000000036e+00,3.259065020796692580e-01,3.260064805204352378e-01
3.050000000000000266e+00,3.248906182741254089e-01,3.249905952053313563e-01
3.060000000000000053e+00,3.238804799967475168e-01,3.239804554482942911e-01
3.070000000000000284e+00,3.228760458871428596e-01,3.229760198883391831e-01
3.080000000000000071e+00,3.218772748867956279e-01,3.219772474663697981e-01
3.089999999999999858e+00,3.208841262377092329e-01,3.209840974238206690e-01
3.100000000000000089e+00,3.198965594810281865e-01,3.199965293012788647e-01
3.109999999999999876e+00,3.189145344556399420e-01,3.190145029370849983e-01
3.120000000000000107e+00,3.179380112967557515e-01,3.180379784659146392e-01
3.129999999999999893e+00,3.169669504344751476e-01,3.170669163173420735e-01
3.140000000000000124e+00,3.160013125923309407e-01,3.161012772143854122e-01
3.149999999999999911e+00,3.150410587858190614e-01,3.151410221720359339e-01
3.160000000000000142e+00,3.140861503209115835e-01,3.141861124957712748e-01
3.169999999999999929e+00,3.131365487925554247e-01,3.132365097800533515e-01
3.180000000000000160e+00,3.121922160831562820e-01,3.122921759068128522e-01
3.189999999999999947e+00,3.112531143610497431e-01,3.113530730439194594e-01
3.200000000000000178e+00,3.103192060789591866e-01,3.104191636436401946e-01
3.209999999999999964e+00,3.093904539724427472e-01,3.094904104410855505e-01
3.220000000000000195e+00,3.084668210583280112e-01,3.085667764526444645e-01
3.229999999999999982e+00,3.075482706331370553e-01,3.076482249744089681e-01
3.240000000000000213e+00,3.066347662715013245e-01,3.067347195805891213e-01
3.250000000000000000e+00,3.057262718245677968e-01,3.058262241219188438e-01
3.260000000000000231e+00,3.048227514183963205e-01,3.049227027240529742e-01
3.270000000000000018e+00,3.039241694523492909e-01,3.040241197859571698e-01
3.280000000000000249e+00,3.030304905974742780e-01,3.031304399782897008e-01
3.290000000000000036e+00,3.021416797948796029e-01,3.022416282417778044e-01
3.300000000000000266e+00,3.012577022541041982e-01,3.013576497855865455e-01
3.310000000000000053e+00,3.003785234514823044e-01,3.004784700856835689e-01
3.320000000000000284e+00,2.995041091285020052e-01,2.996040548831980788e-01
3.330000000000000071e+00,2.986344252901610985e-01,2.987343701827755993e-01
3.339999999999999858e+00,2.977694382033171938e-01,2.978693822509289046e-01
3.350000000000000089e+00,2.969091143950359224e-01,2.970090576143853411e-01
3.359999999999999876e+00,2.960534206509353727e-01,2.961533630584314847e-01
3.370000000000000107e+00,2.952023240135281390e-01,2.953022656252549671e-01
3.379999999999999893e+00,2.943557917805615376e-01,2.944557326122844709e-01
3.390000000000000124e+00,2.935137915033558254e-01,2.936137315705282247e-01
3.399999999999999911e+00,2.926762909851420291e-01,2.927762303029110558e-01
3.410000000000000142e+00,2.918432582793979990e-01,2.919431968626109430e-01
3.419999999999999929e+00,2.910146616881850723e-01,2.911145995513951257e-01
3.430000000000000160e+00,2.901904697604836270e-01,2.902904069179558788e-01
3.439999999999999947e+00,2.893706512905303008e-01,2.894705877562471774e-01
3.450000000000000178e+00,2.885551753161548216e-01,2.886551111038220263e-01
3.459999999999999964e+00,2.877440111171187254e-01,2.878439462401704008e-01
3.470000000000000195e+00,2.869371282134549062e-01,2.870370626850592410e-01
3.479999999999999982e+00,2.861344963638094430e-01,2.862344301968737237e-01
3.490000000000000213e+00,2.853360855637850357e-01,2.854360187709610308e-01
3.500000000000000000e+00,2.845418660442870507e-01,2.846417986379758958e-01
3.510000000000000231e+00,2.837518082698722299e-01,2.838517402622294794e-01
3.520000000000000018e+00,2.829658829371002327e-01,2.830658143400407445e-01
3.530000000000000249e+00,2.821840609728884508e-01,2.822839917980911051e-01
3.540000000000000036e+00,2.814063135328704335e-01,2.815062437917827953e-01
3.550000000000000266e+00,2.806326119997577528e-01,2.807325417036006798e-01
3.560000000000000053e+00,2.798629279817061999e-01,2.799628571414783385e-01
3.570000000000000284e+00,2.790972333106858105e-01,2.791971619371679258e-01
3.580000000000000071e+00,2.783355000408557212e-01,2.784354281446152490e-01
3.589999999999999858e+00,2.775777004469436315e-01,2.776776280383385642e-01
3.600000000000000089e+00,2.768238070226298198e-01,2.769237341118130358e-01
3.609999999999999876e+00,2.760737924789365971e-01,2.761737190758599136e-01
3.620000000000000107e+00,2.753276297426229258e-01,2.754275558570410953e-01
3.629999999999999893e+00,2.745852919545845872e-01,2.746852175960590725e-01
3.640000000000000124e+00,2.738467524682596799e-01,2.739466776461627617e-01
3.649999999999999911e+00,2.731119848480407231e-01,2.732119095715588863e-01
3.660000000000000142e+00,2.723809628676914230e-01,2.724808871458293535e-01
3.669999999999999929e+00,2.716536605087713774e-01,2.717535843503552928e-01
3.680000000000000160e+00,2.709300519590651657e-01,2.710299753727465899e-01
3.689999999999999947e+00,2.702101116110197099e-01,2.703100346052788039e-01
3.700000000000000178e+00,2.694938140601867427e-01,2.695937366433357463e-01
3.709999999999999964e+00,2.687811341036732138e-01,2.688810562838597207e-01
3.720000000000000195e+00,2.680720467385975248e-01,2.681719685238076467e-01
3.729999999999999982e+00,2.673665271605537019e-01,2.674664485586154550e-01
3.740000000000000213e+00,2.666645507620816757e-01,2.667644717806681998e-01
3.750000000000000000e+00,2.659660931311460530e-01,2.660660137777783318e-01
3.760000000000000231e+00,2.652711300496209956e-01,2.653710503316710767e-01
3.770000000000000018e+00,2.645796374917831484e-01,2.646795574164770848e-01
3.780000000000000249e+00,2.638915916228120606e-01,2.639915111972329087e-01
3.790000000000000036e+00,2.632069687972983796e-01,2.633068880283887525e-01
3.800000000000000266e+00,2.625257455577592047e-01,2.626256644523242700e-01
3.810000000000000053e+00,2.618478986331618796e-01,2.619478171978720238e-01
3.820000000000000284e+00,2.611734049374551114e-01,2.612733231788486044e-01
3.830000000000000071e+00,2.605022415681086945e-01,2.606021594925944096e-01
3.839999999999999858e+00,2.598343858046606725e-01,2.599343034185203072e-01
3.850000000000000089e+00,2.591698151072724388e-01,2.592697324166635675e-01
3.859999999999999876e+00,2.585085071152933289e-01,2.586084241262512351e-01
3.870000000000000107e+00,2.578504396458311532e-01,2.579503563642719377e-01
3.879999999999999893e+00,2.571955906923335533e-01,2.572955071240559111e-01
3.890000000000000124e+00,2.565439384231753550e-01,2.566438545738632393e-01
3.899999999999999911e+00,2.558954611802561896e-01,2.559953770554809771e-01
3.910000000000000142e+00,2.552501374776049992e-01,2.553500530828276549e-01
3.919999999999999929e+00,2.546079459999941452e-01,2.547078613405675540e-01
3.930000000000000160e+00,2.539688656015612889e-01,2.540687806827321982e-01
3.939999999999999947e+00,2.533328753044400417e-01,2.534327901313514486e-01
3.950000000000000178e+00,2.526999542973993318e-01,2.527998688750922596e-01
3.959999999999999964e+00,2.520700819344910415e-01,2.521699962679065932e-01
3.970000000000000195e+00,2.514432377337063040e-01,2.515431518276878275e-01
3.979999999999999982e+00,2.508194013756406826e-01,2.509193152349355471e-01
3.990000000000000213e+00,2.501985527021678979e-01,2.502984663314294922e-01
4.000000000000000000e+00,2.495806717151218546e-01,2.496805851189113634e-01
4.009999999999999787e+00,2.489657385749879659e-01,2.490656517577762297e-01
4.020000000000000462e+00,2.483537335996025830e-01,2.484536465657719295e-01
4.030000000000000249e+00,2.477446372628618054e-01,2.478445500167076876e-01
4.040000000000000036e+00,2.471384301934381467e-01,2.472383427391710020e-01
4.049999999999999822e+00,2.465350931735066087e-01,2.466350055152533860e-01
4.060000000000000497e+00,2.459346071374791942e-01,2.460345192792852131e-01
4.070000000000000284e+00,2.453369531707483009e-01,2.454368651165786674e-01
4.080000000000000071e+00,2.447421125084384974e-01,2.448420242621798248e-01
4.089999999999999858e+00,2.441500665341674592e-01,2.442499780996293113e-01
4.099999999999999645e+00,2.435607967788151751e-01,2.436607081597317037e-01
4.110000000000000320e+00,2.429742849193022025e-01,2.430741961193335909e-01
4.120000000000000107e+00,2.423905127773766655e-01,2.424904238001106271e-01
4.129999999999999893e+00,2.418094623184094127e-01,2.419093731673625514e-01
4.139999999999999680e+00,2.412311156501984466e-01,2.413310263288177548e-01
4.150000000000000355e+00,2.406554550217816779e-01,2.407553655334457865e-01
4.160000000000000142e+00,2.400824628222585910e-01,2.401823731702792675e-01
4.169999999999999929e+00,2.395121215796201242e-01,2.396120317672434663e-01
4.179999999999999716e+00,2.389444139595875427e-01,2.390443239899953942e-01
4.190000000000000391e+00,2.383793227644596391e-01,2.384792326407709495e-01
4.200000000000000178e+00,2.378168309319690366e-01,2.379167406572407772e-01
4.209999999999999964e+00,2.372569215341460702e-01,2.373568311113747331e-01
4.219999999999999751e+00,2.366995777761921049e-01,2.367994872083148405e-01
4.230000000000000426e+00,2.361447829953609578e-01,2.362446922852567410e-01
4.240000000000000213e+00,2.355925206598488419e-01,2.356924298103395821e-01
4.250000000000000000e+00,2.350427743676927195e-01,2.351426833815443984e-01
4.259999999999999787e+00,2.344955278456771763e-01,2.345954367256010142e-01
4.270000000000000462e+00,2.339507649482495122e-01,2.340506736969030499e-01
4.280000000000000249e+00,2.334084696564435457e-01,2.335083782764316440e-01
4.290000000000000036e+00,2.328686260768112748e-01,2.329685345706871968e-01
4.299999999999999822e+00,2.323312184403632241e-01,2.324311268106296902e-01
4.310000000000000497e+00,2.317962311015167587e-01,2.318961393506269175e-01
4.320000000000000284e+00,2.312636485370531125e-01,2.313635566674114574e-01
4.330000000000000071e+00,2.307334553450818282e-01,2.308333633590452239e-01
4.339999999999999858e+00,2.302056362440141057e-01,2.303055441438927597e-01
4.350000000000000533e+00,2.296801760715439233e-01,2.297800838596022743e-01
4.360000000000000320e+00,2.291570597836374013e-01,2.292569674620949793e-01
4.370000000000000107e+00,2.286362724535299096e-01,2.287361800245623078e-01
4.379999999999999893e+00,2.281177992707316415e-01,2.282177067364714040e-01
4.389999999999999680e+00,2.276016255400407362e-01,2.277015329025780521e-01
4.400000000000000355e+00,2.270877366805646447e-01,2.271876439419484306e-01
4.410000000000000142e+00,2.265761182247493510e-01,2.266760253869878616e-01
4.419999999999999929e+00,2.260667558174162539e-01,2.261666628824779146e-01
4.429999999999999716e+00,2.255596352148069861e-01,2.256595421846212535e-01
4.440000000000000391e+00,2.250547422836360056e-01,2.251546491600941724e-01
4.450000000000000178e+00,2.245520630001512363e-01,2.246519697851069863e-01
4.459999999999999964e+00,2.240515834492015634e-01,2.241514901444719710e-01
4.469999999999999751e+00,2.235532898233129062e-01,2.236531964306790188e-01
4.480000000000000426e+00,2.230571684217713124e-01,2.231570749429789002e-01
4.490000000000000213e+00,2.225632056497139910e-01,2.226631120864741853e-01
4.500000000000000000e+00,2.220713880172273669e-01,2.221712943712174648e-01
4.509999999999999787e+00,2.215817021384532681e-01,2.216816084113172880e-01
4.520000000000000462e+00,2.210941347307017746e-01,2.211940409240512051e-01
4.530000000000000249e+00,2.206086726135723097e-01,2.207085787289866652e-01
4.540000000000000036e+00,2.201253027080813662e-01,2.202252087471088526e-01
4.549999999999999822e+00,2.196440120357977810e-01,2.197439179999559344e-01
4.560000000000000497e+00,2.191647877179853654e-01,2.192646936087617737e-01
4.570000000000000284e+00,2.186876169747526966e-01,2.187875227936052769e-01
4.580000000000000071e+00,2.182124871242098474e-01,2.183123928725677898e-01
4.589999999999999858e+00,2.177393855816324997e-01,2.178392912608966281e-01
4.600000000000000533e+00,2.172682998586330794e-01,2.173682054701764621e-01
4.610000000000000320e+00,2.167992175623388307e-01,2.168991231075072523e-01
4.620000000000000107e+00,2.163321263945768014e-01,2.164320318746894289e-01
4.629999999999999893e+00,2.158670141510658780e-01,2.159669195674158437e-01
4.639999999999999680e+00,2.154038687206158986e-01,2.155037740744705499e-01
4.650000000000000355e+00,2.149426780843329554e-01,2.150425833769346040e-01
4.660000000000000142e+00,2.144834303148324128e-01,2.145833355473987791e-01
4.669999999999999929e+00,2.140261135754577271e-01,2.141260187491823563e-01
4.679999999999999716e+00,2.135707161195066761e-01,2.136706212355595214e-01
4.690000000000000391e+00,2.131172262894638070e-01,2.132171313489915621e-01
4.700000000000000178e+00,2.126656325162398220e-01,2.127655375203664767e-01
4.709999999999999964e+00,2.122159233184171545e-01,2.123158282682444109e-01
4.719999999999999751e+00,2.117680873015023169e-01,2.118679921981100889e-01
4.730000000000000426e+00,2.113221131571846045e-01,2.114220180016314066e-01
4.740000000000000213e+00,2.108779896626014339e-01,2.109778944559247416e-01
4.750000000000000000e+00,2.104357056796096193e-01,2.105356104228263969e-01
4.759999999999999787e+00,2.099952501540632566e-01,2.100951548481702902e-01
4.770000000000000462e+00,2.095566121150979344e-01,2.096565167610723313e-01
4.780000000000000249e+00,2.091197806744211074e-01,2.092196852732204904e-01
4.790000000000000036e+00,2.086847450256085201e-01,2.087846495781715828e-01
4.799999999999999822e+00,2.082514944434069037e-01,2.083513989506537711e-01
4.810000000000000497e+00,2.078200182830427234e-01,2.079199227458752575e-01
4.820000000000000284e+00,2.073903059795371706e-01,2.074902103988393587e-01
4.830000000000000071e+00,2.069623470470267068e-01,2.070622514236649114e-01
4.839999999999999858e+00,2.065361310780898796e-01,2.066360354129134491e-01
4.850000000000000533e+00,2.061116477430801341e-01,2.062115520369214861e-01
4.860000000000000320e+00,2.056888867894641759e-01,2.057887910431393241e-01
4.870000000000000107e+00,2.052678380411664116e-01,2.053677422554751053e-01
4.879999999999999893e+00,2.048484913979190525e-01,2.049483955736452201e-01
4.889999999999999680e+00,2.044308368346178240e-01,2.045307409725298786e-01
4.900000000000000355e+00,2.040148644006836709e-01,2.041147685015347879e-01
4.910000000000000142e+00,2.036005642194298748e-01,2.037004682839582137e-01
4.919999999999999929e+00,2.031879264874345836e-01,2.032878305163638155e-01
4.929999999999999716e+00,2.027769414739194753e-01,2.028768454679587829e-01
4.940000000000000391e+00,2.023675995201330569e-01,2.024675034799777729e-01
4.950000000000000178e+00,2.019598910387405410e-01,2.020597949650720093e-01
4.959999999999999964e+00,2.015538065132179701e-01,2.016537104067041009e-01
4.969999999999999751e+00,2.011493364972524456e-01,2.012492403585479095e-01
4.980000000000000426e+00,2.007464716141474925e-01,2.008463754438940263e-01
4.990000000000000213e+00,2.003452025562338368e-01,2.004451063550603818e-01
5.000000000000000000e+00,1.999455200842850389e-01,2.000454238528080741e-01
5.009999999999999787e+00,1.995474150269385960e-01,1.996473187657624437e-01
5.020000000000000462e+00,1.991508782801224287e-01,1.992507819898393928e-01
5.030000000000000249e+00,1.987559008064859745e-01,1.988558044876766184e-01
5.040000000000000036e+00,1.983624736348367223e-01,1.984623772880700632e-01
5.049999999999999822e+00,1.979705878595815760e-01,1.980704914854153342e-01
5.060000000000000497e+00,1.975802346401732690e-01,1.976801382391541739e-01
5.070000000000000284e+00,1.971914052005619145e-01,1.972913087732258430e-01
5.080000000000000071e+00,1.968040908286509683e-01,1.969039943755231947e-01
5.089999999999999858e+00,1.964182828757586874e-01,1.965181863973539944e-01
5.100000000000000533e+00,1.960339727560836687e-01,1.961338762529066804e-01
5.110000000000000320e+00,1.956511519461761051e-01,1.957510554187213980e-01
5.120000000000000107e+00,1.952698119844127334e-01,1.953697154331651420e-01
5.129999999999999893e+00,1.948899444704773054e-01,1.949898478959120329e-01
5.139999999999999680e+00,1.945115410648453058e-01,1.946114444674280630e-01
5.150000000000000355e+00,1.941345934882733604e-01,1.942344968684607265e-01
5.160000000000000142e+00,1.937590935212933352e-01,1.938589968795327856e-01
5.169999999999999929e+00,1.933850330037108489e-01,1.934849363404409495e-01
5.179999999999999716e+00,1.930124038341081982e-01,1.931123071497588828e-01
5.190000000000000391e+00,1.926411979693520571e-01,1.927411012643446553e-01
5.200000000000000178e+00,1.922714074241053395e-01,1.923713106988529375e-01
5.209999999999999964e+00,1.919030242703435030e-01,1.920029275252508605e-01
5.219999999999999751e+00,1.915360406368751267e-01,1.916359438723390374e-01
5.230000000000000426e+00,1.911704487088670135e-01,1.912703519252763884e-01
5.240000000000000213e+00,1.908062407273733718e-01,1.909061439251094894e-01
5.250000000000000000e+00,1.904434089888693282e-01,1.905433121683058062e-01
5.259999999999999787e+00,1.900819458447885191e-01,1.901818490062915645e-01
5.270000000000000462e+00,1.897218437010648184e-01,1.898217468449934497e-01
5.280000000000000249e+00,1.893630950176786731e-01,1.894629981443846922e-01
5.290000000000000036e+00,1.890056923082066298e-01,1.891055954180348997e-01
5.299999999999999822e+00,1.886496281393757746e-01,1.887495312326643304e-01
5.310000000000000497e+00,1.882948951306216145e-01,1.883947982077017747e-01
5.320000000000000284e+00,1.879414859536503446e-01,1.880413890148468770e-01
5.330000000000000071e+00,1.875893933320046669e-01,1.876892963776359002e-01
5.339999999999999858e+00,1.872386100406339127e-01,1.873385130710117641e-01
5.350000000000000533e+00,1.868891289054674942e-01,1.869890319208978580e-01
5.360000000000000320e+00,1.865409428029929928e-01,1.866408458037755458e-01
5.370000000000000107e+00,1.861940446598372711e-01,1.862939476462658339e-01
5.379999999999999893e+00,1.858484274523517221e-01,1.859483304247142588e-01
5.389999999999999680e+00,1.855040842062013196e-01,1.856039871647799933e-01
5.400000000000000355e+00,1.851610079959571109e-01,1.852609109410286170e-01
5.410000000000000142e+00,1.848191919446927622e-01,1.849190948765282450e-01
5.419999999999999929e+00,1.844786292235841563e-01,1.845785321424493475e-01
5.429999999999999716e+00,1.841393130515132925e-01,1.842392159576687061e-01
5.440000000000000391e+00,1.838012366946751297e-01,1.839011395883760891e-01
5.450000000000000178e+00,1.834643934661884523e-01,1.835642963476852851e-01
5.459999999999999964e+00,1.831287767257099297e-01,1.832286795952478287e-01
5.469999999999999751e+00,1.827943798790517549e-01,1.828942827368711666e-01
5.480000000000000426e+00,1.824611963778026980e-01,1.825610992241392672e-01
5.490000000000000213e+00,1.821292197189526563e-01,1.822291225540373927e-01
5.500000000000000000e+00,1.817984434445206188e-01,1.818983462685798413e-01
5.509999999999999787e+00,1.814688611411856278e-01,1.815687639544412701e-01
5.520000000000000462e+00,1.811404664399214881e-01,1.812403692425910706e-01
5.530000000000000249e+00,1.808132530156347506e-01,1.809131558079314084e-01
5.540000000000000036e+00,1.804872145868054167e-01,1.805871173689380660e-01
5.549999999999999822e+00,1.801623449151315282e-01,1.802622476873049773e-01
5.560000000000000497e+00,1.798386378051766432e-01,1.799385405675916760e-01
5.570000000000000284e+00,1.795160871040205608e-01,1.796159898568738811e-01
5.580000000000000071e+00,1.791946867009129585e-01,1.792945894443973565e-01
5.589999999999999858e+00,1.788744305269305002e-01,1.789743332612350191e-01
5.600000000000000533e+00,1.785553125546368580e-01,1.786552152799467386e-01
5.610000000000000320e+00,1.782373267977457321e-01,1.783372295142425235e-01
5.620000000000000107e+00,1.779204673107869228e-01,1.780203700186485938e-01
5.629999999999999893e+00,1.776047281887754847e-01,1.777046308881764236e-01
5.639999999999999680e+00,1.772901035668838499e-01,1.773900062579950310e-01
5.650000000000000355e+00,1.769765876201166432e-01,1.770764903031057103e-01
5.660000000000000142e+00,1.766641745629889404e-01,1.767640772380200676e-01
5.669999999999999929e+00,1.763528586492067729e-01,1.764527613164409148e-01
5.679999999999999716e+00,1.760426341713509923e-01,1.761425368309458839e-01
5.690000000000000391e+00,1.757334954605636601e-01,1.758333981126740386e-01
5.700000000000000178e+00,1.754254368862376567e-01,1.755253395310150399e-01
5.709999999999999964e+00,1.751184528557084008e-01,1.752183554933012810e-01
5.719999999999999751e+00,1.748125378139490094e-01,1.749124404445030478e-01
5.730000000000000426e+00,1.745076862432677622e-01,1.746075888669257059e-01
5.740000000000000213e+00,1.742038926630085638e-01,1.743037952799103008e-01
5.750000000000000000e+00,1.739011516292537640e-01,1.740010542395363513e-01
5.759999999999999787e+00,1.735994577345299217e-01,1.736993603383276963e-01
5.770000000000000462e+00,1.732988056075160099e-01,1.733987082049607553e-01
5.780000000000000249e+00,1.729991899127543975e-01,1.730990925039751216e-01
5.790000000000000036e+00,1.727006053503642169e-01,1.728005079354874296e-01
5.799999999999999822e+00,1.724030466557575081e-01,1.725029492349071936e-01
5.810000000000000497e+00,1.721065085993576382e-01,1.722064111726553659e-01
5.820000000000000284e+00,1.718109859863205802e-01,1.719108885538854492e-01
5.830000000000000071e+00,1.715164736562583281e-01,1.716163762182070784e-01
5.839999999999999858e+00,1.712229664829649223e-01,1.713228690394120179e-01
5.850000000000000533e+00,1.709304593741450828e-01,1.710303619252026563e-01
5.860000000000000320e+00,1.706389472711448974e-01,1.707388498169228608e-01
5.870000000000000107e+00,1.703484251486852563e-01,1.704483276892913290e-01
5.879999999999999893e+00,1.700588880145974535e-01,1.701587905501372455e-01
5.889999999999999680e+00,1.697703309095612567e-01,1.698702334401382408e-01
5.900000000000000355e+00,1.694827489068450599e-01,1.695826514325607104e-01
5.910000000000000142e+00,1.691961371120489499e-01,1.692960396330026318e-01
5.919999999999999929e+00,1.689104906628491609e-01,1.690103931791383518e-01
5.929999999999999716e+00,1.686258047287456097e-01,1.687257072404657610e-01
5.940000000000000391e+00,1.683420745108111516e-01,1.684419770180559106e-01
5.950000000000000178e+00,1.680592952414434738e-01,1.681591977443045727e-01
5.959999999999999964e+00,1.677774621841187086e-01,1.678773646826860200e-01
5.969999999999999751e+00,1.674965706331476289e-01,1.675964731275093322e-01
5.980000000000000426e+00,1.672166159134338415e-01,1.673165184036762287e-01
5.990000000000000213e+00,1.669375933802342005e-01,1.670374958664419263e-01
6.000000000000000000e+00,1.666594984189211093e-01,1.667594009011772183e-01
6.009999999999999787e+00,1.663823264447473194e-01,1.664822289231330521e-01
6.020000000000000462e+00,1.661060729026123117e-01,1.662059753772073822e-01
6.030000000000000249e+00,1.658307332668313983e-01,1.659306357377138830e-01
6.040000000000000036e+00,1.655563030409060443e-01,1.656562055081524931e-01
6.049999999999999822e+00,1.652827777572969115e-01,1.653826802209823477e-01
6.060000000000000497e+00,1.650101529771986486e-01,1.651100554373965690e-01
6.070000000000000284e+00,1.647384242903165430e-01,1.648383267470990010e-01
6.080000000000000071e+00,1.644675873146453360e-01,1.645674897680829973e-01
6.089999999999999858e+00,1.641976376962497597e-01,1.642975401464118745e-01
6.100000000000000533e+00,1.639285711090474607e-01,1.640284735560017804e-01
6.110000000000000320e+00,1.636603832545931170e-01,1.637602856984061994e-01
6.120000000000000107e+00,1.633930698618652477e-01,1.634929723026022075e-01
6.129999999999999893e+00,1.631266266870541604e-01,1.632265291247788908e-01
6.140000000000000568e+00,1.628610495133522851e-01,1.629609519481273749e-01
6.150000000000000355e+00,1.625963341507461746e-01,1.626962365826329360e-01
6.160000000000000142e+00,1.623324764358102246e-01,1.624323788648687761e-01
6.169999999999999929e+00,1.620694722315023373e-01,1.621693746577916317e-01
6.179999999999999716e+00,1.618073174269613335e-01,1.619072198505391302e-01
6.190000000000000391e+00,1.615460079373060298e-01,1.616459103582288948e-01
6.200000000000000178e+00,1.612855397034363980e-01,1.613854421217597868e-01
6.209999999999999964e+00,1.610259086918360005e-01,1.611258111076142863e-01
6.219999999999999751e+00,1.607671108943764526e-01,1.608670133076628983e-01
6.230000000000000426e+00,1.605091423281235774e-01,1.606090447389703912e-01
6.240000000000000213e+00,1.602519990351451429e-01,1.603519014436035062e-01
6.250000000000000000e+00,1.599956770823204033e-01,1.600955794884404149e-01
6.259999999999999787e+00,1.597401725611510004e-01,1.598400749649818153e-01
6.270000000000000462e+00,1.594854815875740017e-01,1.595853839891638315e-01
6.280000000000000249e+00,1.592316003017762160e-01,1.593315027011722174e-01
6.290000000000000036e+00,1.589785248680100627e-01,1.590784272652584486e-01
6.299999999999999822e+00,1.587262514744112174e-01,1.588261538695574515e-01
6.310000000000000497e+00,1.584747763328180070e-01,1.585746787259063595e-01
6.320000000000000284e+00,1.582240956785918307e-01,1.583239980696659610e-01
6.330000000000000071e+00,1.579742057704397462e-01,1.580741081595422870e-01
6.339999999999999858e+00,1.577251028902380836e-01,1.578250052774108347e-01
6.350000000000000533e+00,1.574767833428580288e-01,1.575766857281419575e-01
6.360000000000000320e+00,1.572292434559922625e-01,1.573291458394275588e-01
6.370000000000000107e+00,1.569824795799835415e-01,1.570823819616095907e-01
6.379999999999999893e+00,1.567364880876544186e-01,1.568363904675097176e-01
6.390000000000000568e+00,1.564912653741385162e-01,1.565911677522609513e-01
6.400000000000000355e+00,1.562468078567135765e-01,1.563467102331401182e-01
6.410000000000000142e+00,1.560031119746352612e-01,1.561030143494022693e-01
6.419999999999999929e+00,1.557601741889730607e-01,1.558600765621160900e-01
6.429999999999999716e+00,1.555179909824473128e-01,1.556178933540012244e-01
6.440000000000000391e+00,1.552765588592675550e-01,1.553764612292664882e-01
6.450000000000000178e+00,1.550358743449724575e-01,1.551357767134499133e-01
6.459999999999999964e+00,1.547959339862709227e-01,1.548958363532597082e-01
6.469999999999999751e+00,1.545567343508847669e-01,1.546566367164170508e-01
6.480000000000000426e+00,1.543182720273925668e-01,1.544181743914998517e-01
6.490000000000000213e+00,1.540805436250749783e-01,1.541804459877881006e-01
6.500000000000000000e+00,1.538435457737611922e-01,1.539434481351104334e-01
6.509999999999999787e+00,1.536072751236768896e-01,1.537071774836919202e-01
6.520000000000000462e+00,1.533717283452934455e-01,1.534716307040033534e-01
6.530000000000000249e+00,1.531369021291784094e-01,1.532368044866116441e-01
6.540000000000000036e+00,1.529027931858471523e-01,1.530026955420316359e-01
6.549999999999999822e+00,1.526693982456160115e-01,1.527693006005790555e-01
6.560000000000000497e+00,1.524367140584563241e-01,1.525366164122247126e-01
6.570000000000000284e+00,1.522047373938502368e-01,1.523046397464502266e-01
6.580000000000000071e+00,1.519734650406470988e-01,1.520733673921045026e-01
6.589999999999999858e+00,1.517428938069216859e-01,1.518427961572616502e-01
6.600000000000000533e+00,1.515130205198330637e-01,1.516129228690803188e-01
6.610000000000000320e+00,1.512838420254852267e-01,1.513837443736640032e-01
6.620000000000000107e+00,1.510553551887883761e-01,1.511552575359223494e-01
6.629999999999999893e+00,1.508275568933216682e-01,1.509274592394340975e-01
6.640000000000000568e+00,1.506004440411971013e-01,1.507003463863107462e-01
6.650000000000000355e+00,1.503740135529244848e-01,1.504739158970616886e-01
6.660000000000000142e+00,1.501482623672776018e-01,1.502481647104602636e-01
6.669999999999999929e+00,1.499231874411614263e-01,1.500230897834109733e-01
6.679999999999999716e+00,1.496987857494805896e-01,1.497986880908179774e-01
6.690000000000000391e+00,1.494750542850086794e-01,1.495749566254545859e-01
6.700000000000000178e+00,1.492519900582591763e-01,1.493518923978336965e-01
6.709999999999999964e+00,1.490295900973566956e-01,1.491294924360795915e-01
6.719999999999999751e+00,1.488078514479100334e-01,1.489077537858006783e-01
6.730000000000000426e+00,1.485867711728859064e-01,1.486866735099632852e-01
6.740000000000000213e+00,1.483663463524838022e-01,1.484662486887665112e-01
6.750000000000000000e+00,1.481465740840119116e-01,1.482464764195181861e-01
6.759999999999999787e+00,1.479274514817641439e-01,1.480273538165117475e-01
6.770000000000000462e+00,1.477089756768979190e-01,1.478088780109043932e-01
6.780000000000000249e+00,1.474911438173134859e-01,1.475910461505959004e-01
6.790000000000000036e+00,1.472739530675336028e-01,1.473738554001088052e-01
6.799999999999999822e+00,1.470574006085847707e-01,1.471573029404691646e-01
6.810000000000000497e+00,1.468414836378791333e-01,1.469413859690889002e-01
6.820000000000000284e+00,1.466261993690975984e-01,1.467261016996485590e-01
6.830000000000000071e+00,1.464115450320736256e-01,1.465114473619811286e-01
6.839999999999999858e+00,1.461975178726781233e-01,1.462974202019573788e-01
6.850000000000000533e+00,1.459841151527055125e-01,1.460840174813713976e-01
6.860000000000000320e+00,1.457713341497604564e-01,1.458712364778275428e-01
6.870000000000000107e+00,1.455591721571455333e-01,1.456590744846280316e-01
6.879999999999999893e+00,1.453476264837500476e-01,1.454475288106618913e-01
6.890000000000000568e+00,1.451366944539394799e-01,1.452365967802944080e-01
6.900000000000000355e+00,1.449263734074462406e-01,1.450262757332576591e-01
6.910000000000000142e+00,1.447166606992608129e-01,1.448165630245418500e-01
6.919999999999999929e+00,1.445075536995242826e-01,1.446074560242877893e-01
6.929999999999999716e+00,1.442990497934213967e-01,1.443989521176800017e-01
6.940000000000000391e+00,1.440911463810747029e-01,1.441910487048407852e-01
6.950000000000000178e+00,1.438838408774395228e-01,1.439837432007251561e-01
6.959999999999999964e+00,1.436771307121996744e-01,1.437770330350166825e-01
6.969999999999999751e+00,1.434710133296642487e-01,1.435709156520242891e-01
6.980000000000000426e+00,1.432654861886650255e-01,1.433653885105794223e-01
6.990000000000000213e+00,1.430605467624548044e-01,1.431604490839347432e-01
7.000000000000000000e+00,1.428561925386067355e-01,1.429560948596631242e-01
7.009999999999999787e+00,1.426524210189141773e-01,1.427523233395577018e-01
7.020000000000000462e+00,1.424492297192915258e-01,1.425491320395326778e-01
7.030000000000000249e+00,1.422466161696759324e-01,1.423465184895250091e-01
7.040000000000000036e+00,1.420445779139297149e-01,1.421444802333967083e-01
7.049999999999999822e+00,1.418431125097434631e-01,1.419430148288382543e-01
7.060000000000000497e+00,1.416422175285401708e-01,1.417421198472724186e-01
7.070000000000000284e+00,1.414418905553800343e-01,1.415417928737592035e-01
7.080000000000000071e+00,1.412421291888659169e-01,1.413420315069012501e-01
7.089999999999999858e+00,1.410429310410497572e-01,1.411428333587503026e-01
7.100000000000000533e+00,1.408442937373396153e-01,1.409441960547143380e-01
7.110000000000000320e+00,1.406462149164075803e-01,1.407461172334651123e-01
7.120000000000000107e+00,1.404486922300982321e-01,1.405485945468470943e-01
7.129999999999999893e+00,1.402517233433380195e-01,1.403516256597866219e-01
7.140000000000000568e+00,1.400553059340454154e-01,1.401552082502019181e-01
7.150000000000000355e+00,1.398594376930415162e-01,1.399593400089139406e-01
7.160000000000000142e+00,1.396641163239617234e-01,1.397640186395578688e-01
7.169999999999999929e+00,1.394693395431677585e-01,1.395692418584953687e-01
7.179999999999999716e+00,1.392751050796606771e-01,1.393750073947272461e-01
7.190000000000000391e+00,1.390814106749944934e-01,1.391813129898074597e-01
7.200000000000000178e+00,1.388882540831905543e-01,1.389881563977570511e-01
7.209999999999999964e+00,1.386956330706523022e-01,1.387955353849794626e-01
7.219999999999999751e+00,1.385035454160811752e-01,1.386034477301759105e-01
7.230000000000000426e+00,1.383119889103928135e-01,1.384118912242619515e-01
7.240000000000000213e+00,1.381209613566342365e-01,1.382208636702843552e-01
7.250000000000000000e+00,1.379304605699012143e-01,1.380303628833388641e-01
7.259999999999999787e+00,1.377404843772569720e-01,1.378403866904885366e-01
7.270000000000000462e+00,1.375510306176508935e-01,1.376509329306826179e-01
7.280000000000000249e+00,1.373620971418382797e-01,1.374619994546762702e-01
7.290000000000000036e+00,1.371736818123006352e-01,1.372735841249508593e-01
7.299999999999999822e+00,1.369857825031663701e-01,1.370856848156347119e-01
7.310000000000000497e+00,1.367983971001326404e-01,1.368982994124248453e-01
7.320000000000000284e+00,1.366115235003871886e-01,1.367114258125088633e-01
7.330000000000000071e+00,1.364251596125313215e-01,1.365250619244879893e-01
7.339999999999999858e+00,1.362393033565031941e-01,1.363392056683002118e-01
7.350000000000000533e+00,1.360539526635017316e-01,1.361538549751444283e-01
7.360000000000000320e+00,1.358691054759113837e-01,1.359690077874048941e-01
7.370000000000000107e+00,1.356847597472271572e-01,1.357846620585765329e-01
7.379999999999999893e+00,1.355009134419803973e-01,1.356008157531906066e-01
7.390000000000000568e+00,1.353175645356650969e-01,1.354174668467410247e-01
7.400000000000000355e+00,1.351347110146649544e-01,1.352346133256113470e-01
7.410000000000000142e+00,1.349523508761808765e-01,1.350522531870023135e-01
7.419999999999999929e+00,1.347704821281587584e-01,1.348703844388598749e-01
7.429999999999999716e+00,1.345891027892184844e-01,1.346890050998036936e-01
7.440000000000000391e+00,1.344082108885828464e-01,1.345081131990565337e-01
7.450000000000000178e+00,1.342278044660075442e-01,1.343277067763739563e-01
7.459999999999999964e+00,1.340478815717111305e-01,1.341477838819745139e-01
7.469999999999999751e+00,1.338684402663062323e-01,1.339683425764706115e-01
7.480000000000000426e+00,1.336894786207305785e-01,1.337893809308000614e-01
7.490000000000000213e+00,1.335109947161792487e-01,1.336108970261576656e-01
7.500000000000000000e+00,1.333329866440367550e-01,1.334328889539279916e-01
7.509999999999999787e+00,1.331554525058103178e-01,1.332553548156180934e-01
7.520000000000000462e+00,1.329783904130631134e-01,1.330782927227911472e-01
7.530000000000000249e+00,1.328017984873484381e-01,1.329017007970003661e-01
7.540000000000000036e+00,1.326256748601441493e-01,1.327255771697234688e-01
7.549999999999999822e+00,1.324500176727876899e-01,1.325499199822978702e-01
7.560000000000000497e+00,1.322748250764115563e-01,1.323747273858559559e-01
7.570000000000000284e+00,1.321000952318794608e-01,1.321999975412614103e-01
7.580000000000000071e+00,1.319258263097227157e-01,1.320257286190454626e-01
7.589999999999999858e+00,1.317520164900772284e-01,1.318519187993438813e-01
7.600000000000000533e+00,1.315786639626210230e-01,1.316785662718347460e-01
7.610000000000000320e+00,1.314057669265122907e-01,1.315056692356760815e-01
7.620000000000000107e+00,1.312333235903276607e-01,1.313332258994445445e-01
7.629999999999999893e+00,1.310613321720012769e-01,1.311612344810741126e-01
7.640000000000000568e+00,1.308897908987640413e-01,1.309896932077956599e-01
7.650000000000000355e+00,1.307186980070836058e-01,1.308186003160768107e-01
7.660000000000000142e+00,1.305480517426044762e-01,1.306479540515620430e-01
7.669999999999999929e+00,1.303778503600890870e-01,1.304777526690135969e-01
7.679999999999999716e+00,1.302080921233586541e-01,1.303079944322527439e-01
7.690000000000000391e+00,1.300387753052350548e-01,1.301386776141012780e-01
7.700000000000000178e+00,1.298698981874830127e-01,1.299698004963238396e-01
7.709999999999999964e+00,1.297014590607523943e-01,1.298013613695702950e-01
7.719999999999999751e+00,1.295334562245213650e-01,1.296333585333186988e-01
7.730000000000000426e+00,1.293658879870397405e-01,1.294657902958188667e-01
7.740000000000000213e+00,1.291987526652729479e-01,1.292986549740361979e-01
7.750000000000000000e+00,1.290320485848461540e-01,1.291319508935957205e-01
7.759999999999999787e+00,1.288657740799890317e-01,1.289656763887270519e-01
7.770000000000000462e+00,1.286999274934808035e-01,1.287998298022094978e-01
7.780000000000000249e+00,1.285345071765958969e-01,1.286344094853173470e-01
7.790000000000000036e+00,1.283695114890497646e-01,1.284694137977659967e-01
7.799999999999999822e+00,1.282049387989453448e-01,1.283048411076583295e-01
7.810000000000000497e+00,1.280407874827195758e-01,1.281406897914312837e-01
7.820000000000000284e+00,1.278770559250909100e-01,1.279769582338032841e-01
7.830000000000000071e+00,1.277137425190064679e-01,1.278136448277213677e-01
7.839999999999999858e+00,1.275508456655903011e-01,1.276507479743095863e-01
7.850000000000000533e+00,1.273883637740915453e-01,1.274882660828169367e-01
7.860000000000000320e+00,1.272262952618331833e-01,1.273261975705664850e-01
7.870000000000000107e+00,1.270646385541611134e-01,1.271645408629039908e-01
7.879999999999999893e+00,1.269033920843936902e-01,1.270032943931478642e-01
7.890000000000000568e+00,1.267425542937715421e-01,1.268424566025386224e-01
7.900000000000000355e+00,1.265821236314078613e-01,1.266820259401894300e-01
7.910000000000000142e+00,1.264220985542388875e-01,1.265220008630365545e-01
7.919999999999999929e+00,1.262624775269750033e-01,1.263623798357902395e-01
7.930000000000000604e+00,1.261032590220519667e-01,1.262031613308862710e-01
7.940000000000000391e+00,1.259444415195827005e-01,1.260443438284375439e-01
7.950000000000000178e+00,1.257860235073093025e-01,1.258859258161861283e-01
7.959999999999999964e+00,1.256280034805553891e-01,1.257279057894556129e-01
7.969999999999999751e+00,1.254703799421790777e-01,1.255702822511040040e-01
7.980000000000000426e+00,1.253131514025257465e-01,1.254130537114767352e-01
7.990000000000000213e+00,1.251563163793818489e-01,1.252562186883601492e-01
8.000000000000000000e+00,1.249998733979284377e-01,1.250997757069353677e-01
8.009999999999999787e+00,1.248438209906955199e-01,1.249437232997322872e-01
8.019999999999999574e+00,1.246881576975163719e-01,1.247880600065841977e-01
8.029999999999999361e+00,1.245328820654824503e-01,1.246327843745825281e-01
8.040000000000000924e+00,1.243779926488984555e-01,1.244778949580319372e-01
8.050000000000000711e+00,1.242234880092379645e-01,1.243233903184059741e-01
8.060000000000000497e+00,1.240693667150990498e-01,1.241692690243027114e-01
8.070000000000000284e+00,1.239156273421604809e-01,1.240155296514008215e-01
8.080000000000000071e+00,1.237622684731381623e-01,1.238621707824162782e-01
8.089999999999999858e+00,1.236092886977419314e-01,1.237091910070588358e-01
8.099999999999999645e+00,1.234566866126326073e-01,1.235565889219892577e-01
8.109999999999999432e+00,1.233044608213793580e-01,1.234043631307767813e-01
8.120000000000000995e+00,1.231526099344174147e-01,1.232525122438565685e-01
8.130000000000000782e+00,1.230011325690061885e-01,1.231010348784879749e-01
8.140000000000000568e+00,1.228500273491874156e-01,1.229499296587127782e-01
8.150000000000000355e+00,1.226992929057438980e-01,1.227991952153136695e-01
8.160000000000000142e+00,1.225489278761583006e-01,1.226488301857733970e-01
8.169999999999999929e+00,1.223989309045725449e-01,1.224988332142337849e-01
8.179999999999999716e+00,1.222493006417471745e-01,1.223492029514553769e-01
8.189999999999999503e+00,1.221000357450211932e-01,1.221999380547771907e-01
8.199999999999999289e+00,1.219511348782721799e-01,1.220510371880767359e-01
8.210000000000000853e+00,1.218025967118766678e-01,1.219024990217305593e-01
8.220000000000000639e+00,1.216544199226708145e-01,1.217543222325747632e-01
8.230000000000000426e+00,1.215066031939113361e-01,1.216065055038661052e-01
8.240000000000000213e+00,1.213591452152367328e-01,1.214590475252429885e-01
8.250000000000000000e+00,1.212120446826288195e-01,1.213119469926872696e-01
8.259999999999999787e+00,1.210653002983744786e-01,1.211652026084858169e-01
8.269999999999999574e+00,1.209189107710277877e-01,1.210188130811926388e-01
8.279999999999999361e+00,1.207728748153722859e-01,1.208727771255913158e-01
8.290000000000000924e+00,1.206271911523835727e-01,1.207270934626573922e-01
8.300000000000000711e+00,1.204818585091922550e-01,1.205817608195214607e-01
8.310000000000000497e+00,1.203368756190469763e-01,1.204367779294321511e-01
8.320000000000000284e+00,1.201922412212778762e-01,1.202921435317196169e-01
8.330000000000000071e+00,1.200479540612602314e-01,1.201478563717590653e-01
8.339999999999999858e+00,1.199040128903783586e-01,1.200039152009348548e-01
8.349999999999999645e+00,1.197604164659897968e-01,1.198603187766045103e-01
8.359999999999999432e+00,1.196171635513897796e-01,1.197170658620631684e-01
8.370000000000000995e+00,1.194742529157757499e-01,1.195741552265083829e-01
8.380000000000000782e+00,1.193316833342125960e-01,1.194315856450049174e-01
8.390000000000000568e+00,1.191894535875974437e-01,1.192893558984499253e-01
8.400000000000000355e+00,1.190475624626253781e-01,1.191474647735385195e-01
8.410000000000000142e+00,1.189060087517549852e-01,1.190059110627291888e-01
8.419999999999999929e+00,1.187647912531742678e-01,1.188646935642099639e-01
8.429999999999999716e+00,1.186239087707667977e-01,1.187238110818644582e-01
8.439999999999999503e+00,1.184833601140781317e-01,1.185832624252381451e-01
8.449999999999999289e+00,1.183431440982824073e-01,1.184430464095051760e-01
8.460000000000000853e+00,1.182032595441491890e-01,1.183031618554350878e-01
8.470000000000000639e+00,1.180637052780106194e-01,1.181636075893600646e-01
8.480000000000000426e+00,1.179244801317286540e-01,1.180243824431419924e-01
8.490000000000000213e+00,1.177855829426626838e-01,1.178854852541402487e-01
8.500000000000000000e+00,1.176470125536372563e-01,1.177469148651794084e-01
8.509999999999999787e+00,1.175087678129101282e-01,1.176086701245172422e-01
8.519999999999999574e+00,1.173708475741404439e-01,1.174707498858127974e-01
8.529999999999999361e+00,1.172332506963572468e-01,1.173331530080951313e-01
8.540000000000000924e+00,1.170959760439279906e-01,1.171958783557317668e-01
8.550000000000000711e+00,1.169590224865277028e-01,1.170589247983976483e-01
8.560000000000000497e+00,1.168223888991077875e-01,1.169222912110442075e-01
8.570000000000000284e+00,1.166860741618655217e-01,1.167859764738686384e-01
8.580000000000000071e+00,1.165500771602135111e-01,1.166499794722836297e-01
8.589999999999999858e+00,1.164143967847494632e-01,1.165142990968868614e-01
8.599999999999999645e+00,1.162790319312261289e-01,1.163789342434310287e-01
8.609999999999999432e+00,1.161439815005214232e-01,1.162438838127940466e-01
8.620000000000000995e+00,1.160092443986088101e-01,1.161091467109494346e-01
8.630000000000000782e+00,1.158748195365279371e-01,1.159747218489367709e-01
8.640000000000000568e+00,1.157407058303552561e-01,1.158406081428325352e-01
8.650000000000000355e+00,1.156069022011751574e-01,1.157068045137210205e-01
8.660000000000000142e+00,1.154734075750509514e-01,1.155733098876656900e-01
8.669999999999999929e+00,1.153402208829964470e-01,1.154401231956802137e-01
8.679999999999999716e+00,1.152073410609473630e-01,1.153072433737003522e-01
8.689999999999999503e+00,1.150747670497331565e-01,1.151746693625555484e-01
8.700000000000001066e+00,1.149424977950488924e-01,1.150424001079408814e-01
8.710000000000000853e+00,1.148105322474275714e-01,1.149104345603893101e-01
8.720000000000000639e+00,1.146788693622122213e-01,1.147787716752438625e-01
8.730000000000000426e+00,1.145475080995286277e-01,1.146474104126303101e-01
8.740000000000000213e+00,1.144164474242578694e-01,1.145163497374297595e-01
8.750000000000000000e+00,1.142856863060094097e-01,1.143855886192516463e-01
8.759999999999999787e+00,1.141552237190939789e-01,1.142551260324067008e-01
8.769999999999999574e+00,1.140250586424969570e-01,1.141249609558803030e-01
8.779999999999999361e+00,1.138951900598518391e-01,1.139950923733059202e-01
8.790000000000000924e+00,1.137656169594137012e-01,1.138655192729386562e-01
8.800000000000000711e+00,1.136363383340332628e-01,1.137362406476291748e-01
8.810000000000000497e+00,1.135073531811305880e-01,1.136072554947975821e-01
8.820000000000000284e+00,1.133786605026694400e-01,1.134785628164076271e-01
8.830000000000000071e+00,1.132502593051315370e-01,1.133501616189409866e-01
8.839999999999999858e+00,1.131221485994910597e-01,1.132220509133718828e-01
8.849999999999999645e+00,1.129943274011893095e-01,1.130942297151416032e-01
8.859999999999999432e+00,1.128667947301096319e-01,1.129666970441334239e-01
8.870000000000000995e+00,1.127395496105522837e-01,1.128394519246477407e-01
8.880000000000000782e+00,1.126125910712098693e-01,1.127124933853770050e-01
8.890000000000000568e+00,1.124859181451423884e-01,1.125858204593812445e-01
8.900000000000000355e+00,1.123595298697529499e-01,1.124594321840636235e-01
8.910000000000000142e+00,1.122334252867633886e-01,1.123333276011459492e-01
8.919999999999999929e+00,1.121076034421901180e-01,1.122075057566446071e-01
8.929999999999999716e+00,1.119820633863201353e-01,1.120819657008465947e-01
8.939999999999999503e+00,1.118568041736871660e-01,1.119567064882856372e-01
8.950000000000001066e+00,1.117318248630479877e-01,1.118317271777185540e-01
8.960000000000000853e+00,1.116071245173589910e-01,1.117070268321016663e-01
8.970000000000000639e+00,1.114827022037526566e-01,1.115826045185674825e-01
8.980000000000000426e+00,1.113585569935145181e-01,1.114584593084014946e-01
8.990000000000000213e+00,1.112346879620599444e-01,1.113345902770191409e-01
9.000000000000000000e+00,1.111110941889113940e-01,1.112109965039427967e-01
9.009999999999999787e+00,1.109877747576755308e-01,1.110876770727791812e-01
9.019999999999999574e+00,1.108647287560207279e-01,1.109646310711966261e-01
9.029999999999999361e+00,1.107419552756545716e-01,1.108418575909027315e-01
9.040000000000000924e+00,1.106194534123015050e-01,1.107193557276219820e-01
9.050000000000000711e+00,1.104972222656808445e-01,1.105971245810735831e-01
9.060000000000000497e+00,1.103752609394845763e-01,1.104751632549496321e-01
9.070000000000000284e+00,1.102535685413555955e-01,1.103534708568929268e-01
9.080000000000000071e+00,1.101321441828659597e-01,1.102320464984755805e-01
9.089999999999999858e+00,1.100109869794953371e-01,1.101108892951772472e-01
9.099999999999999645e+00,1.098900960506095370e-01,1.099899983663637365e-01
9.109999999999999432e+00,1.097694705194392634e-01,1.098693728352657106e-01
9.120000000000000995e+00,1.096491095130588678e-01,1.097490118289575767e-01
9.130000000000000782e+00,1.095290121623654495e-01,1.096289144783363922e-01
9.140000000000000568e+00,1.094091776020579138e-01,1.095090799181010627e-01
9.150000000000000355e+00,1.092896049706161832e-01,1.093895072867315382e-01
9.160000000000000142e+00,1.091702934102806999e-01,1.092701957264682194e-01
9.169999999999999929e+00,1.090512420670318311e-01,1.091511443832915151e-01
9.179999999999999716e+00,1.089324500905696769e-01,1.090323524069014560e-01
9.189999999999999503e+00,1.088139166342936559e-01,1.089138189506975440e-01
9.200000000000001066e+00,1.086956408552826603e-01,1.087955431717586019e-01
9.210000000000000853e+00,1.085776219142749466e-01,1.086775242308229000e-01
9.220000000000000639e+00,1.084598589756483600e-01,1.085597612922683114e-01
9.230000000000000426e+00,1.083423512074006695e-01,1.084422535240925356e-01
9.240000000000000213e+00,1.082250977811299447e-01,1.083250000978937255e-01
9.250000000000000000e+00,1.081080978720152519e-01,1.082080001888508780e-01
9.259999999999999787e+00,1.079913506587971556e-01,1.080912529757045853e-01
9.269999999999999574e+00,1.078748553237587199e-01,1.079747576407378978e-01
9.279999999999999361e+00,1.077586110527063157e-01,1.078585133697572140e-01
9.290000000000000924e+00,1.076426170349507189e-01,1.077425193520733099e-01
9.300000000000000711e+00,1.075268724632883754e-01,1.076267747804825620e-01
9.310000000000000497e+00,1.074113765339825416e-01,1.075112788512482820e-01
9.320000000000000284e+00,1.072961284467448123e-01,1.073960307640820511e-01
9.330000000000000071e+00,1.071811274047167056e-01,1.072810297221253734e-01
9.339999999999999858e+00,1.070663726144511912e-01,1.071662749319312463e-01
9.349999999999999645e+00,1.069518632858945800e-01,1.070517656034459669e-01
9.359999999999999432e+00,1.068375986323684135e-01,1.069375009499910351e-01
9.370000000000000995e+00,1.067235778705513533e-01,1.068234801882451818e-01
9.380000000000000782e+00,1.066098002204614870e-01,1.067097025382264530e-01
9.390000000000000568e+00,1.064962649054384120e-01,1.065961672232744462e-01
9.400000000000000355e+00,1.063829711521256799e-01,1.064828734700326990e-01
9.410000000000000142e+00,1.062699181904531859e-01,1.063698205084311343e-01
9.419999999999999929e+00,1.061571052536198351e-01,1.062570075716686296e-01
9.429999999999999716e+00,1.060445315780761538e-01,1.061444338961957251e-01
9.439999999999999503e+00,1.059321964035071090e-01,1.060320987216973737e-01
9.450000000000001066e+00,1.058200989728149966e-01,1.059200012910758992e-01
9.460000000000000853e+00,1.057082385321024970e-01,1.058081408504339682e-01
9.470000000000000639e+00,1.055966143306557858e-01,1.056965166490577285e-01
9.480000000000000426e+00,1.054852256209276862e-01,1.055851279394000447e-01
9.490000000000000213e+00,1.053740716585210985e-01,1.054739739770637619e-01
9.500000000000000000e+00,1.052631517021723473e-01,1.053630540207852739e-01
9.509999999999999787e+00,1.051524650137348332e-01,1.052523673324179121e-01
9.519999999999999574e+00,1.050420108581625600e-01,1.051419131769156939e-01
9.529999999999999361e+00,1.049317885034939668e-01,1.050316908223171003e-01
9.540000000000000924e+00,1.048217972208356774e-01,1.049216995397287411e-01
9.550000000000000711e+00,1.047120362843466240e-01,1.048119386033095346e-01
9.560000000000000497e+00,1.046025049712219629e-01,1.047024072902545955e-01
9.570000000000000284e+00,1.044932025616771704e-01,1.045931048807794833e-01
9.580000000000000071e+00,1.043841283389324581e-01,1.044840306581043265e-01
9.589999999999999858e+00,1.042752815891970219e-01,1.043751839084383626e-01
9.599999999999999645e+00,1.041666616016534985e-01,1.042665639209642281e-01
9.609999999999999432e+00,1.040582676684424918e-01,1.041581699878225270e-01
9.620000000000000995e+00,1.039500990846472378e-01,1.040500014040964816e-01
9.630000000000000782e+00,1.038421551482783672e-01,1.039420574677967640e-01
9.640000000000000568e+00,1.037344351602586950e-01,1.038343374798461061e-01
9.650000000000000355e+00,1.036269384244080938e-01,1.037268407440644497e-01
9.660000000000000142e+00,1.035196642474286166e-01,1.036195665671538341e-01
9.669999999999999929e+00,1.034126119388895371e-01,1.035125142586834773e-01
9.679999999999999716e+00,1.033057808112125553e-01,1.034056831310751629e-01
9.689999999999999503e+00,1.031991701796571015e-01,1.032990724995882792e-01
9.700000000000001066e+00,1.030927793623057226e-01,1.031926816823053594e-01
9.710000000000000853e+00,1.029866076800495800e-01,1.030865100001176066e-01
9.720000000000000639e+00,1.028806544565739334e-01,1.029805567767102387e-01
9.730000000000000426e+00,1.027749190183439021e-01,1.028748213385483751e-01
9.740000000000000213e+00,1.026694006945900739e-01,1.027693030148626174e-01
9.750000000000000000e+00,1.025640988172944468e-01,1.026640011376349637e-01
9.759999999999999787e+00,1.024590127211763291e-01,1.025589150415847361e-01
9.769999999999999574e+00,1.023541417436782397e-01,1.024540440641544259e-01
9.779999999999999361e+00,1.022494852249521274e-01,1.023493875454960095e-01
9.790000000000000924e+00,1.021450425078454377e-01,1.022449448284569046e-01
9.800000000000000711e+00,1.020408129378874706e-01,1.021407152585664252e-01
9.810000000000000497e+00,1.019367958632756005e-01,1.020366981840219317e-01
9.820000000000000284e+00,1.018329906348618002e-01,1.019328929556753971e-01
9.830000000000000071e+00,1.017293966061390970e-01,1.018292989270198623e-01
9.839999999999999858e+00,1.016260131332281241e-01,1.017259154541760025e-01
9.849999999999999645e+00,1.015228395748639517e-01,1.016227418958787765e-01
9.859999999999999432e+00,1.014198752923826108e-01,1.015197776134643126e-01
9.870000000000000995e+00,1.013171196497080762e-01,1.014170219708565579e-01
9.880000000000000782e+00,1.012145720133391796e-01,1.013144743345543164e-01
9.890000000000000568e+00,1.011122317523364816e-01,1.012121340736181901e-01
9.900000000000000355e+00,1.010100982383094897e-01,1.011100005596576451e-01
9.910000000000000142e+00,1.009081708454036830e-01,1.010080731668182019e-01
9.919999999999999929e+00,1.008064489502877997e-01,1.009063512717685712e-01
9.929999999999999716e+00,1.007049319321411257e-01,1.008048342536880387e-01
9.939999999999999503e+00,1.006036191726408791e-01,1.007035214942538365e-01
9.950000000000001066e+00,1.005025100559496232e-01,1.006024123776285417e-01
9.960000000000000853e+00,1.004016039687029155e-01,1.005015062904476703e-01
9.970000000000000639e+00,1.003009002999967342e-01,1.004008026218072142e-01
9.980000000000000426e+00,1.002003984413752935e-01,1.003003007632513877e-01
9.990000000000000213e+00,1.001000977868187480e-01,1.002000001087603592e-01
1.000000000000000000e+01,9.999999773273102188e-02,1.000999000547380391e-01
